AA1,Liquid Precipitation (Hourly)  ***
AB1,Liquid Precipitation Monthly Total  ***
AC1,Precipitation Observation History  ***
AD1,Liquid Precipitation Greatest Amount In 24 Hours  For The Month  ***
AE1,Liquid Precipitation  Number Of Days With Specific Amounts  For The Month  ***
AG1,Precipitation Estimated Observation  ***
AH1,Liquid Precipitation Maximum Short Duration  For The Month  ***
AI1,Liquid Precipitation Maximum Short Duration  For The Month (Continued)  ***
AJ1,Snow Depth  ***
AK1,Snow Depth Greatest Depth On The Ground  For The Month  ***
AL1,Snow Accumulation  ***
AM1,Snow Accumulation Greatest Amount In 24 Hours  For The Month  ***
AN1,Snow Accumulation For The Month  ***
AO1,Liquid Precipitation (By Minute)  ***
AP1,15 Minute Liquid Precipitation  ***
AU1,Present Weather Observation Automated Occurence (Asos/Awos Only)  ***
AW1,Present Weather Observation Automated  ***
AX1,Past Weather Observation Summary Of Day  ***
AY1,Past Weather Observation Manual  ***
AZ1,Past Weather Observation Automated  ***
CB1,Subhourly Observed Liquid Precipitation Section: Secondary Sensor (CRN)  ***
CF1,Hourly Fan Speed Section (CRN)  ***
CG1,Subhourly Observed Liquid Precipitation Section: Primary Sensor (CRN)  ***
CH1,Hourly Relative Humidity/Temperature Section (CRN)  ***
CI1,Hourly Relative Humidity/Temperature Section (CRN) (Continued)  ***
CIG,Sky Condition Observation
CN1,Hourly Battery Voltage Section (CRN)  ***
CN2,Hourly Diagnostic Section (CRN)  ***
CN3,Secondary Hourly Diagnostic Section (CRN)  ***
CN4,Secondary Hourly Diagnostic Section (CRN) (Continued)  ***
CO1,Us Cooperative Network Metadata  ***
CO2,Us Cooperative Network Element Time Offset  ***
CT1,Subhourly Temperature Section (CRN)  ***
CU1,Hourly Temperature Section (CRN)  ***
CV1,Hourly Temperature Extreme Section (CRN)  ***
CW1,Subhourly Wetness Section (CRN)  ***
CX1,Hourly Geonor Vibrating Wire Summary Section (CRN)  ***
DEW,Air Temperature Observation Dewpoint
ED1,Runway Visual Range Observation  ***
GA1,Sky Cover Layer  ***
GD1,Sky Cover Summation State  ***
GF1,Sky Condition Observation #2  ***
GG1,Below Station Cloud Layer  ***
GH1,Hourly Solar Radiation Section  ***
GJ1,Sunshine Observation  ***
GK1,Sunshine Observation (Continued)  ***
GL1,Sunshine Observation For The Month  ***
GM1,Solar Irradiance Section  ***
GN1,Solar Radiation Section  ***
GO1,Net Solar Radiation Section  ***
GP1,Modeled Solar Irradiance Section  ***
GQ1,Hourly Solar Angle Section  ***
GR1,Hourly Extraterrestrial Radiation Section  ***
HL1,Hail  ***
IA1,Ground Surface Observation  ***
IA2,Ground Surface Observation Minimum Temperature  ***
IB1,Hourly Surface Temperature Section  ***
IB2,Hourly Surface Temperature Sensor Section  ***
IC1,Ground Surface Observation Pan Evaporation Data  ***
KA1,Extreme Air Temperature  ***
KB1,Average Air Temperature  ***
KC1,Extreme Air Temperature For The Month  ***
KD1,Heating Cooling Degree Days  ***
KE1,Extreme Temperatures  Number Of Days Exceeding Criteria  For The Month  ***
KF1,Hourly Calculated Temperature Section  ***
MA1,Atmospheric Pressure Observation (Alt/Stp)  ***
MD1,Atmospheric Pressure Change  ***
ME1,Geopotential Height Isobaric Level  ***
MG1,Atmospheric Pressure Observation (Stp/Slp)  ***
MH1,Atmospheric Pressure Observation For The Month  ***
MK1,Atmospheric Pressure Observation For The Month (Continued)  ***
MV1,Present Weather In Vicinity Observation  ***
MW1,Present Weather Observation Manual  ***
OA1,Supplementary Wind Observation  ***
OB1,Hourly Wind Section  ***
OC1,Wind Gust Observation  ***
OE1,Summary Of Day Wind Observation  ***
REM,Remarks
SA1,Sea Surface Temperature Observation  ***
SLP,Atmospheric Pressure Observation
ST1,Soil Temperature  ***
TMP,Air Temperature Observation
UA1,Wave Measurement  ***
UG1,Wave Measurement Primary Swell  ***
UG2,Wave Measurement Secondary Swell  ***
VIS,Visibility Observation
WA1,Platform Ice Accretion  ***
WD1,Water Surface Ice Observation  ***
WG1,Water Surface Ice Historical Observation  ***
WND,Wind Observation
WND,Wind Direction
